ACNo,User Story,Scenario,GIVEN,TestCaseID,Template,pid,containing_pid,created,interface_id,source,identity_type,references_0_code,references_0_shortDescription,references_0_longDescription,references_0_value,references_1_code,references_1_shortDescription,references_1_longDescription,references_1_value,bxx_sets_0_interface_identifier,bxx_sets_0_purpose_code,bxx_sets_0_purpose_shortDescription,bxx_sets_0_purpose_longDescription,bxx_sets_0_attr_0_type,bxx_sets_0_attr_0_value
1,"AS an API Consumer
I WANT to receive one copy of each reference (type, value, (optional) nationality in combination) held for a person
AND I WANT to receive a first recorded and last recorded date for each reference that includes a date but no time portion",Positive scenario,Given uc1,T1,Identity,p1,c1,2018-01-01T12:05:45Z,123445556,s,APP1,P,PR,PR,P12312435,N,,,N1,Bi1,CB,pourpose,sample1,GENDER,M
2,"AS an API Consumer
I WANT to receive one copy of each reference (type, value, (optional) nationality in combination) held for a person
AND I WANT to receive a first recorded and last recorded date for each reference that includes a date but no time portion",As an API consumer I WANT to receive a list of recocords,given uc2,T2,Identity,p2,c2,2018-01-01T12:05:45Z,12344556677,s,APP1,P,PR,PR,P12312435,N,,,N1,Bi1,CB,pourpose,sample2,GENDER,M
