User Story,Scenario,GIVEN,S.NO,Template,pid,containing_pid,created,interface_id,source,identity_type,references_0_code,references_0_shortDescription,references_0_longDescription,references_0_value,references_1_code,references_1_shortDescription,references_1_longDescription,references_1_value,b_sets_0_interface_identifier,biographic_sets_0_purpose_code,b_sets_0_purpose_shortDescription,biographic_sets_0_purpose_longDescription,biographic_sets_0_attr_0_type,biographic_sets_0_attr_0_value
"AS an API Consumer
I WANT to receive one list of beneficiary",Scenario1,,1,Identity,P1,C1,2018-01-01T12:05:45Z,123445556,Source1,IDENTITIY1,REF,ref,ref,P12312435,N,,,NINO12312435,BG_SET0_IDENTIFIER_0,CB,Bsample,BSamplePurpose,GENDER,M
,,,1,Identity,P2,C2,2018-01-01T12:05:45Z,123445557,Source1,IDENTITIY1,REF,ref,ref,P12312436,,,,,BG_SET0_IDENTIFIER_1,CB,Bsample,BSamplePurpose,GENDER,F
,Scenario2,,2,Identity,P3,NA,2018-01-01T12:05:45Z,123445562,Source1,IDENTITIY1,REF,,,P12312436,N,Ref1,,NINO12312435,BG_SET0_IDENTIFIER_5,CB,Bsample,BSamplePurpose,DATE_OF_BIRTH,1994-06-09
,Scenari3,,5,Identity,P4,NA,2018-01-01T12:05:45Z,123445565,Source1,IDENTITIY1,REF,,,P12312439,N,,,NINO12312438,BG_SET0_IDENTIFIER_8,CB,Bsample,BSamplePurpose,DATE_OF_BIRTH,1994-06-12
,Scenari4,,6,Identity,P5,NA,2018-01-01T12:05:45Z,123445566,Source1,IDENTITIY1,REF,,,P12312440,N,,,NINO12312439,BG_SET0_IDENTIFIER_9,CB,Bsample,BSamplePurpose,DATE_OF_BIRTH,1994-06-13
,Scenari5,,7,Identity,P6,NA,2018-01-01T12:05:45Z,123445567,Source1,IDENTITIY1,REF,,,P12312441,N,,,NINO12312440,BG_SET0_IDENTIFIER_10,CB,Bsample,BSamplePurpose,DATE_OF_BIRTH,1994-06-14
